License,UBI,Tradename,Privilege,Status,Med Privilege Code,Termination Code,Street Adress,Suite Rm,City,State,County,Zip Code,Date Created,Day Phone,Email
415470,6.02998E+15,2020 SOLUTIONS                               ,MARIJUANA RETAILER       ,ACTIVE (ISSUED),395,  ,2018 IRON ST STE A            ,                         ,BELLINGHAM              ,WA,WHATCOM,982264212,20151012,3603938697,TLOZANO36277@YAHOO.COM
413314,6.03415E+15,2020 SOLUTIONS ON THE GUIDE                  ,MARIJUANA RETAILER       ,ACTIVE (ISSUED),395,  ,5655 GUIDE MERIDIAN STE A     ,                         ,BELLINGHAM              ,WA,WHATCOM,982269722,20151010,3607342020,ACCOUNTING@RETAILBYCHAMPION.COM
84154,6.0336E+15,25 TREES                                     ,MARIJUANA RETAILER       ,ACTIVE (ISSUED),395,  ,3213 S 38TH STE C             ,                         ,TACOMA                  ,WA,PIERCE,984041094,20180116,2533768562,25treesllc@gmail.com
422099,6.03598E+15,365 RECREATIONAL CANNABIS                    ,MARIJUANA RETAILER       ,ACTIVE (ISSUED),395,  ,36711 U.S. HIGHWAY 12         ,                         ,DAYTON                  ,WA,COLUMBIA,983288622,20170926,4259194183,seantherider@hotmail.com
423784,6.0343E+15,365 RECREATIONAL CANNABIS                    ,MARIJUANA RETAILER       ,ACTIVE (ISSUED),395,  ,17517 15TH AVE NE #B          ,                         ,SHORELINE               ,WA,KING,981553801,20160926,4259194183,seantherider@hotmail.com
413586,6.03352E+15,4:20 FRIENDLY                                ,MARIJUANA RETAILER       ,ACTIVE (ISSUED),395,  ,1515 LEWIS ST                 ,                         ,SPOKANE                 ,WA,SPOKANE,992249785,20151113,5094990999,A420STORE@GMAIL.COM
424848,6.03534E+15,420 CAPITOL                                  ,MARIJUANA RETAILER       ,ACTIVE (ISSUED),395,  ,5980 CAPITOL BLVD SE          ,                         ,TUMWATER                ,WA,THURSTON,985015274,20170502,3604026368,Champagneproducts@gmail.com
415083,6.03359E+15,420 CARPENTER                                ,MARIJUANA RETAILER       ,ACTIVE (ISSUED),395,  ,422 CARPENTER RD STE 105      ,                         ,LACEY                   ,WA,THURSTON,985037906,20151009,3604026368,CHAMPAGNE232323@YAHOO.COM
426678,6.03579E+15,420 ELMA ON MAIN                             ,MARIJUANA RETAILER       ,ACTIVE (ISSUED),395,  ,306 W MAIN ST                 ,                         ,ELMA                    ,WA,GRAYS HARBOR,985410000,20180423,3605616972,RTRANMER@HOTMAIL.COM
415526,6.03359E+15,420 HOLIDAY                                  ,MARIJUANA RETAILER       ,ACTIVE (ISSUED),395,  ,2028 10TH AVE                 ,                         ,LONGVIEW                ,WA,COWLITZ,986324007,20151014,3607033103,DHALAIANDY@GMAIL.COM
414733,6.03359E+15,420 WEST                                     ,MARIJUANA RETAILER       ,ACTIVE (ISSUED),395,  ,410 RONLEE LN NW A1           ,                         ,OLYMPIA                 ,WA,THURSTON,985029266,20151009,3604026368,CHAMPAGNEPRODUCTS@GMAIL.COM
421759,6.04183E+15,"420ME, LLC                                   ",MARIJUANA RETAILER       ,ACTIVE (ISSUED),395,  ,430 CARPENTER RD SE           ,                         ,LACEY                   ,WA,THURSTON,985037930,20180111,3604026368,CHAMPAGNEPRODUCTS@GMAIL.COM
421491,6.03295E+15,A & J MANAGEMENT GROUP                       ,MARIJUANA RETAILER       ,ACTIVE (ISSUED),395,  ,234 DIVISION ST NW STE B      ,                         ,OLYMPIA                 ,WA,THURSTON,985024916,20160209,5055507710,JENNARAE51@GMAIL.COM
414441,6.0345E+15,A GREENER TODAY MARIJUANA                    ,MARIJUANA RETAILER       ,ACTIVE (ISSUED),395,  ,5209 MARTIN LUTHER KING JR.   ,WAY S                    ,SEATTLE                 ,WA,KING,981186131,20161216,4257736037,BRIE.DYSON@GMAIL.COM
414814,6.0345E+15,A GREENER TODAY MARIJUANA                    ,MARIJUANA RETAILER       ,ACTIVE (ISSUED),395,  ,16053 AURORA AVE N STE B      ,STE B                    ,SHORELINE               ,WA,KING,981332610,20170324,4257736021,BRIEAGT@GMAIL.COM
422044,6.04134E+15,A GREENER TODAY MARIJUANA                    ,MARIJUANA RETAILER       ,ACTIVE (ISSUED),395,  ,19315 BOTHELL EVERETT HWY #1  ,UNIT 1                   ,BOTHELL                 ,WA,SNOHOMISH,980127112,20171121,4257736021,BRIE.DYSON@GMAIL.COM
426039,6.03515E+15,A GREENER TODAY WALLA WALLA                  ,MARIJUANA RETAILER       ,ACTIVE (ISSUED),395,  ,655 WEST POPLAR ST            ,                         ,WALLA WALLA             ,WA,WALLA WALLA,993620000,20180223,2063803608,JOSE.CHAVIRA@LIVE.COM
422849,6.03594E+15,A PIPE DREAM                                 ,MARIJUANA RETAILER       ,ACTIVE (ISSUED),395,  ,360 STATE ROUTE 7             ,                         ,MORTON                  ,WA,LEWIS,983560000,20180618,5033170557,mjfinn11@gmail.com
422765,6.03557E+15,ACCESS CANIBUS LLC                           ,MARIJUANA RETAILER       ,ACTIVE (ISSUED),395,  ,3082 WAITTS LAKE RD           ,                         ,VALLEY                  ,WA,STEVENS,991810000,20171003,3604703051,ACCESSCANIBUSRAP@GMAIL.COM
77000,6.03272E+15,ALTERNATIVE MEDICINE COLLECTIVE              ,MARIJUANA RETAILER       ,ACTIVE (ISSUED),395,  ,15041 BOTHELL WAY NE          ,                         ,LAKE FOREST PARK        ,WA,KING,981557603,20180409,2069159212,jonsherman360@gmail.com
414225,6.03357E+15,ALTITUDE                                     ,MARIJUANA RETAILER       ,ACTIVE (ISSUED),395,  ,260 MERLOT DR                 ,                         ,PROSSER                 ,WA,BENTON,993500000,20151009,5097864200,LVCOMMODITY@YAHOO.COM
415486,6.03599E+15,ALWAYS GREENER DOWNTOWN                      ,MARIJUANA RETAILER       ,PENDING (ISSUED),395,  ,15937 REDMOND WAY STE B       ,                         ,REDMOND                 ,WA,KING,980523836,20160823,4258615497,SHAUNA@THEGRASSISALWAYS.COM
422954,6.03353E+15,AMERICAN HARVEST                             ,MARIJUANA RETAILER       ,ACTIVE (ISSUED),395,  ,7550 US 97                    ,                         ,PESHASTIN               ,WA,CHELAN,988470000,20170110,5033177035,KELANI.HOKU@GMAIL.COM
421652,6.03357E+15,ANACORTES CANNABIS                           ,MARIJUANA RETAILER       ,ACTIVE (ISSUED),395,  ,7656 STATE ROUTE 20 UNIT A    ,                         ,ANACORTES               ,WA,SKAGIT,982218311,20160426,3605886222,ANACORTESNATURALMEDICINE@GMAIL.COM
421110,6.03326E+15,APEX CANNABIS                                ,MARIJUANA RETAILER       ,ACTIVE (ISSUED),395,  ,955 W BROADWAY AVE            ,                         ,MOSES LAKE              ,WA,GRANT,988370000,20160426,5094990646,STEPHANIE.PETERSON@APEXCANNABIS.COM
422447,6.03326E+15,APEX CANNABIS                                ,MARIJUANA RETAILER       ,ACTIVE (ISSUED),395,  ,21502 E GILBERT RD            ,                         ,OTIS ORCHARDS           ,WA,SPOKANE,990279241,20160622,5094990646,STEPHANIE.PETERSON@APEXCANNABIS.COM
414558,6.03241E+15,B STREET BUD                                 ,MARIJUANA RETAILER       ,ACTIVE (ISSUED),395,  ,400 BURDIN AVE                ,                         ,GRAND COULEE            ,WA,GRANT,991335009,20160309,5096332453,INFO@BSTREETBUD.COM
85059,6.03352E+15,BAD ASS WEED CO.                             ,MARIJUANA RETAILER       ,ACTIVE (ISSUED),395,  ,8459 MAIN ST  UNIT B          ,UNIT B                   ,DRYDEN                  ,WA,CHELAN,988210000,20170718,5098885712,DABNABBITS@YAHOO.COM
420478,6.0344E+15,BATSTONE BUD SHOP                            ,MARIJUANA RETAILER       ,PENDING (ISSUED),395,  ,933 E JOHNS PRAIRIE RD        ,                         ,SHELTON                 ,WA,MASON,985841270,20160229,3604908753,DENNYD1US@YAHOO.COM
426125,6.0335E+15,BELLEVUE MARIJUANA                           ,MARIJUANA RETAILER       ,ACTIVE (ISSUED),395,  ,638 116TH AVE NE              ,                         ,BELLEVUE                ,WA,KING,980045216,20180117,4254535749,tera@globaltr.net
421709,6.03592E+15,BETTER BUDS                                  ,MARIJUANA RETAILER       ,ACTIVE (ISSUED),395,  ,841 NESS CORNER RD  STE B     ,STE B                    ,PORT HADLOCK            ,WA,JEFFERSON,983399572,20160715,3607316611,D.COMEAU@COMCAST.NET
425965,6.03353E+15,BETTER BUDS                                  ,MARIJUANA RETAILER       ,ACTIVE (ISSUED),395,  ,10384 SILVERDALE WAY NW STE 10,                         ,SILVERDALE              ,WA,KITSAP,983837670,20171229,3607316611,D.COMEAU@COMCAST.NET
422202,6.03069E+15,BLOWIN SMOKE                                 ,MARIJUANA RETAILER       ,ACTIVE (ISSUED),395,  ,1967 HIGHWAY 395 S STE C      ,                         ,CHEWELAH                ,WA,STEVENS,991099708,20160315,5099357420,BLOWINSMOKE.WA@GMAIL.COM
413802,6.03352E+15,BUD COMMANDER                                ,MARIJUANA RETAILER       ,ACTIVE (ISSUED),395,  ,849 TROSPER RD SW STE 207     ,                         ,TUMWATER                ,WA,THURSTON,985128145,20151210,3606881709,MOOREHEMPCO@GMAIL.COM
415203,6.03029E+15,BUD NATION                                   ,MARIJUANA RETAILER       ,ACTIVE (ISSUED),395,  ,9640 16TH AVE SW STE C & D    ,STE C & D                ,SEATTLE                 ,WA,KING,981062827,20180615,2068198898,PKK72@COMCAST.NET
413893,6.03359E+15,BUDDY'S                                      ,MARIJUANA RETAILER       ,ACTIVE (ISSUED),395,  ,420 SUNSET BLVD NE STE A      ,                         ,RENTON                  ,WA,KING,980555512,20160419,4254080395,MYLES3369@HOTMAIL.COM
420661,6.03569E+15,BUDEEZ                                       ,MARIJUANA RETAILER       ,ACTIVE (ISSUED),395,  ,2111 E 11TH ST                ,                         ,BREMERTON               ,WA,KITSAP,983104810,20160421,3606207114,KENBARLEY1@GMAIL.COM
421005,6.0335E+15,BUDS GARAGE                                  ,MARIJUANA RETAILER       ,ACTIVE (ISSUED),395,  ,3015 EVERETT AVE              ,                         ,EVERETT                 ,WA,SNOHOMISH,982013822,20151104,4258793437,BRIANBODGE@MSN.COM
422913,6.03604E+15,CANNA CASA                                   ,MARIJUANA RETAILER       ,ACTIVE (ISSUED),395,  ,3818 OLD HIGHWAY 99 S RD      ,                         ,MOUNT VERNON            ,WA,SKAGIT,982739018,20180215,2532225697,malkitsingh@comcast.net
420666,6.0336E+15,CANNA WEST SEATTLE                           ,MARIJUANA RETAILER       ,ACTIVE (ISSUED),395,  ,5440 CALIFORNIA AVE SW        ,                         ,SEATTLE                 ,WA,KING,981361513,20180604,2066969240,LTCLLC11@GMAIL.COM
414211,6.03448E+15,CANNA4LIFE                                   ,MARIJUANA RETAILER       ,PENDING (ISSUED),395,  ,721 6TH ST                    ,                         ,CLARKSTON               ,WA,ASOTIN,994032001,20180117,5097801120,bethanycanna4life@gmail.com
360307,6.03351E+15,CANNABIS & GLASS                             ,MARIJUANA RETAILER       ,ACTIVE (ISSUED),395,  ,605 E FRANCIS                 ,                         ,SPOKANE                 ,WA,SPOKANE,992080000,20180320,5099991112,NXNWRETAIL@GMAIL.COM
415567,6.03357E+15,CANNABIS 21                                  ,MARIJUANA RETAILER       ,ACTIVE (ISSUED),395,  ,1000 E WISHKAH ST             ,                         ,ABERDEEN                ,WA,GRAYS HARBOR,985200000,20180402,3602397149,CANNABIS21ABERDEEN@GMAIL.COM
422944,6.03384E+15,CANNABIS CENTRAL                             ,MARIJUANA RETAILER       ,ACTIVE (ISSUED),395,  ,1514 W UNIVERSITY WAY         ,                         ,ELLENSBURG              ,WA,KITTITAS,989262337,20160408,5092011144,ROB@ELLENSBURGAPOTHECARY.COM
413319,6.03339E+15,CANNABIS CITY                                ,MARIJUANA RETAILER       ,ACTIVE (ISSUED),395,  ,2733 4TH AVE S  1ST FLOOR     ,1ST FLOOR UNIT           ,SEATTLE                 ,WA,KING,981341912,20151105,2066821332,CEO@CANNABIS.CITY
414970,6.03359E+15,CANNABIS COUNTRY STORE                       ,MARIJUANA RETAILER       ,ACTIVE (ISSUED),395,  ,1910 W MAIN ST SUITE 101      ,                         ,BATTLE GROUND           ,WA,CLARK,986040000,20151010,3607987194,C4UAGRI@GMAIL.COM
423542,6.03185E+15,CANNABIS PROVISIONS EAST                     ,MARIJUANA RETAILER       ,ACTIVE (ISSUED),395,  ,831 N MILLER ST               ,                         ,WENATCHEE               ,WA,CHELAN,988012046,20161122,2533347082,dzungnguyen83@yahoo.com
423542,6.03185E+15,CANNABIS PROVISIONS EAST                     ,MARIJUANA RETAILER       ,ACTIVE (ISSUED),395,  ,9423 MRTN LUTHER KING JR WAY S,STE C                    ,SEATTLE                 ,WA,KING,981185417,20161122,2533347082,dzungnguyen83@yahoo.com
402780,6.03546E+15,CANNABIS SUPER STORE                         ,MARIJUANA RETAILER       ,ACTIVE (ISSUED),395,  ,705 EAST 1ST ST               ,                         ,CLE ELUM                ,WA,KITTITAS,989221252,20160912,5096745356,GENE@GENEMORGAN.COM
422466,6.03594E+15,CANNABIS SWEET RELIEF                        ,MARIJUANA RETAILER       ,ACTIVE (ISSUED),395,  ,2427 W SIMS WAY STE F         ,                         ,PORT TOWNSEND           ,WA,JEFFERSON,983682247,20180306,5416109508,CMN1ENTERPRISES@GMAIL.COM
415575,6.0336E+15,CANNABLYSS                                   ,MARIJUANA RETAILER       ,ACTIVE (ISSUED),395,  ,2705 HARTFORD DR STE A        ,                         ,LAKE STEVENS            ,WA,SNOHOMISH,982589204,20151116,4253277529,sungrownorganix@gmaili.com
414060,6.03346E+15,CANNAREX                                     ,MARIJUANA RETAILER       ,PENDING (ISSUED),395,  ,2714 HENSON RD                ,                         ,MOUNT VERNON            ,WA,SKAGIT,982739036,20151023,4254058179,PAULCHOCPA@YAHOO.COM
421813,6.03355E+15,CANNAZONE                                    ,MARIJUANA RETAILER       ,ACTIVE (ISSUED),395,  ,5655 GUIDE MERIDIAN STE B     ,SUITE B                  ,BELLINGHAM              ,WA,WHATCOM,982269722,20160729,8602092288,CANNAZONEBELLINGHAM@GMAIL.COM
424599,6.03355E+15,CANNAZONE                                    ,MARIJUANA RETAILER       ,ACTIVE (ISSUED),395,  ,17905 STATE ROUTE 536         ,                         ,MOUNT VERNON            ,WA,SKAGIT,982733269,20170316,8602092288,JJREIG77@YAHOO.COM
413700,6.02209E+15,CARIBOU CORNER CANNABIS                      ,MARIJUANA RETAILER       ,ACTIVE (ISSUED),395,  ,23251 HWY 20                  ,                         ,OKANOGAN                ,WA,OKANOGAN,988400000,20180309,5094296082,CARIBOUCORNERCANNABIS@GMAIL.COM
421507,6.03519E+15,CARLTON CANNABIS                             ,MARIJUANA RETAILER       ,ACTIVE (ISSUED),395,  ,2256 HWY 153 STE B            ,                         ,CARLTON                 ,WA,OKANOGAN,988149004,20170125,3607853843,MRFLAMEFIGHTER@GMAIL.COM
415094,6.03359E+15,CASCADE HERB COMPANY                         ,MARIJUANA RETAILER       ,ACTIVE (ISSUED),395,  ,1240 E MAPLE ST STE 103       ,                         ,BELLINGHAM              ,WA,WHATCOM,982250000,20151217,3607782357,CASCADEHERB@GMAIL.COM
413492,6.03526E+15,CHIMACUM CANNABIS                            ,MARIJUANA RETAILER       ,ACTIVE (ISSUED),395,  ,9034 BEAVER VALLEY ROAD       ,                         ,CHIMACUM                ,WA,JEFFERSON,983258781,20160621,2066818394,CHIMACUMCANNABIS@GMAIL.COM
414817,6.03352E+15,CINDER                                       ,MARIJUANA RETAILER       ,ACTIVE (ISSUED),395,  ,1421 N MULLAN RD STE B        ,                         ,SPOKANE VALLEY          ,WA,SPOKANE,992064051,20151010,5092413726,SPOKANEVALLEY@CINDERSMOKE.COM
422294,6.03346E+15,CINDER                                       ,MARIJUANA RETAILER       ,ACTIVE (ISSUED),395,  ,6010 N DIVISION ST            ,                         ,SPOKANE                 ,WA,SPOKANE,992081028,20180606,5092413091,justin@cindersmoke.com
413358,6.03267E+15,CLEAR CHOICE CANNABIS                        ,MARIJUANA RETAILER       ,ACTIVE (ISSUED),395,  ,8001 S HOSMER ST              ,                         ,TACOMA                  ,WA,PIERCE,984081017,20151015,2534445444,CLEARCHOICECANNABIS@GMAIL.COM
414787,6.03616E+15,CPC TWO                                      ,MARIJUANA RETAILER       ,ACTIVE (ISSUED),395,  ,8600 LAKE CITY WAY NE         ,                         ,SEATTLE                 ,WA,KING,981153260,20171026,2066969765,ryanc@thebakereeseattle.com
413729,6.03351E+15,CULT. CANNABIS CO.                           ,MARIJUANA RETAILER       ,ACTIVE (ISSUED),395,  ,6061 PORTAL WAY               ,                         ,FERNDALE                ,WA,WHATCOM,982489360,20151009,3605941122,Emikogrubb@gmail.com
420764,6.03352E+15,DABNABBITS                                   ,MARIJUANA RETAILER       ,ACTIVE (ISSUED),395,  ,1096 HWY 153                  ,                         ,METHOW                  ,WA,OKANOGAN,988340000,20180212,5098607111,jdhappytrails@yahoo.com
426632,6.03583E+15,DADANKO                                      ,MARIJUANA RETAILER       ,PENDING (ISSUED),395,  ,6063B HIGHWAY 291             ,                         ,NINE MILE FALLS         ,WA,STEVENS,990269565,20180413,5097106899,BRANDONOLSON509@GMAIL.COM
413529,6.03355E+15,DANCING GYPSIES                              ,MARIJUANA RETAILER       ,ACTIVE (ISSUED),395,  ,794 KENTUCKY ST               ,                         ,BELLINGHAM              ,WA,WHATCOM,982250000,20151117,2088192110,INFO@CC-SHOPS.COM
422817,6.03604E+15,DANK OF AMERICA                              ,MARIJUANA RETAILER       ,ACTIVE (ISSUED),395,  ,2530 PEACE PORTAL DR SUITE B  ,                         ,BLAINE                  ,WA,WHATCOM,982308063,20170206,4252314439,TOM@DANKBANKOFBLAINE.COM
423571,6.0335E+15,"DANK'S WONDER EMPORIUM, LLC                  ",MARIJUANA RETAILER       ,ACTIVE (ISSUED),395,  ,6906 MARTIN WAY E             ,STE A                    ,OLYMPIA                 ,WA,THURSTON,985165567,20160812,2535075435,columbiaherbal1502@gmail.com
414503,6.03454E+15,DESTINATION HIGHWAY 420                      ,MARIJUANA RETAILER       ,ACTIVE (ISSUED),395,  ,1225 HOLLIS ST                ,                         ,BREMERTON               ,WA,KITSAP,983103611,20160510,3603406996,MICHELLEDESTHWY420@OUTLOOK.COM
413374,6.03354E+15,DIAMOND GREEN                                ,MARIJUANA RETAILER       ,ACTIVE (ISSUED),395,  ,4002 S 12TH ST                ,                         ,TACOMA                  ,WA,PIERCE,984051509,20151009,2532225697,MALKITSINGH@COMCAST.NET
423036,6.03586E+15,DISCOVERY BAY CANNABIS                       ,MARIJUANA RETAILER       ,PENDING (ISSUED),395,  ,282023 HWY 101                ,                         ,PORT TOWNSEND           ,WA,JEFFERSON,983689331,20160527,2066607221,TOMBATES1967@GMAIL.COM
414174,6.03356E+15,DOCKSIDE CANNABIS                            ,MARIJUANA RETAILER       ,ACTIVE (ISSUED),395,  ,1728 4TH AVE S                ,                         ,SEATTLE                 ,WA,KING,981340000,20151214,2062236292,OSCARV@DOCKSIDECANNABIS.COM
414569,6.03355E+15,DOCKSIDE CANNABIS                            ,MARIJUANA RETAILER       ,ACTIVE (ISSUED),395,  ,15001 AURORA AVE N            ,STE 15029                ,SHORELINE               ,WA,KING,981336134,20151214,2066186094,MARIA.MOSES@GMAIL.COM
412865,6.03422E+15,DOUGLAS COUNTY 502                           ,MARIJUANA RETAILER       ,ACTIVE (ISSUED),395,  ,2512 FOSTER CREEK AVE         ,                         ,BRIDGEPORT              ,WA,DOUGLAS,988130000,20151012,5033177035,KELANI.HOKU@GMAIL.COM
424633,6.0355E+15,EMERALD CITY CRONICS                         ,MARIJUANA RETAILER       ,ACTIVE (ISSUED),395,  ,RETAIL TITLE CERTIFICATE      ,                         ,OTHELLO                 ,WA,FRANKLIN,993440000,20180326,2067908124,IIIKINGCOMPANY@GMAIL.COM
413363,6.03562E+15,EMERALD LEAVES                               ,MARIJUANA RETAILER       ,ACTIVE (ISSUED),395,  ,2702 6TH AVE                  ,                         ,TACOMA                  ,WA,PIERCE,984067213,20160329,2064825627,EMERALDLEAVESTAC@GMAIL.COM
424463,6.03569E+15,EPHEMERAL TOAST                              ,MARIJUANA RETAILER       ,ACTIVE (ISSUED),395,  ,4601 LEARY WAY NW             ,                         ,SEATTLE                 ,WA,KING,981074544,20180515,2066186094,MARIA.MOSES@GMAIL.COM
425185,6.04014E+15,EUPHORIC 360                                 ,MARIJUANA RETAILER       ,ACTIVE (ISSUED),395,  ,6326 MARTIN WAY E STE 103     ,                         ,LACEY                   ,WA,THURSTON,985165561,20171115,3608922878,jtanner@tcgstores.com
414495,6.03355E+15,EUPHORIUM                                    ,MARIJUANA RETAILER       ,ACTIVE (ISSUED),395,  ,21127 STATE ROUTE 9 SE        ,                         ,WOODINVILLE             ,WA,SNOHOMISH,980729703,20160727,2063352683,MSONEPHATHOUM@ME.COM
84130,6.03354E+15,EUPHORIUM 420                                ,MARIJUANA RETAILER       ,ACTIVE (ISSUED),395,  ,19525 BOTHELL EVERETT HWY A   ,                         ,BOTHELL                 ,WA,SNOHOMISH,980127116,20160701,9168359616,BEN@URBANPATCH.COM
414491,6.03355E+15,EUPHORIUM 420                                ,MARIJUANA RETAILER       ,PENDING (ISSUED),395,  ,27623 COVINGTON WAY SE UNIT 1 ,                         ,COVINGTON               ,WA,KING,980420000,20151011,9168359616,BEN@URBANPATCH.COM
414500,6.03354E+15,EUPHORIUM 420                                ,MARIJUANA RETAILER       ,ACTIVE (ISSUED),395,  ,20925 CYPRESS WAY STE C 103   ,                         ,LYNNWOOD                ,WA,SNOHOMISH,980367989,20151011,9168359616,BEN@URBANPATCH.COM
420895,6.04149E+15,EUPHORIUM 420                                ,MARIJUANA RETAILER       ,PENDING (ISSUED),395,  ,17917 VASHON HWY SW           ,                         ,VASHON                  ,WA,KING,980705204,20180125,4255774533,ben@urbanpatch.com
425605,6.03217E+15,EVERGREEN MEADOWS                            ,MARIJUANA RETAILER       ,ACTIVE (ISSUED),395,  ,208 E PINE ST                 ,                         ,SHELTON                 ,WA,MASON,985841418,20170925,2063513193,BWMBBK@GMAIL.COM
422825,6.03604E+15,EVERGREEN STATE ENTERPRISES                  ,MARIJUANA RETAILER       ,ACTIVE (ISSUED),395,  ,847 E SR 4                    ,                         ,CATHLAMET               ,WA,WAHKIAKUM,986120000,20170530,5033170557,MARKGRAHMBREWER@GMAIL.COM
421878,6.03604E+15,EVERGREEN STATE ENTERPRISES LLC              ,MARIJUANA RETAILER       ,ACTIVE (ISSUED),395,  ,3941 COLVILLE RD              ,                         ,LOON LAKE               ,WA,STEVENS,991480000,20171129,3604702621,mjfinn11@gmail.com
426448,6.03578E+15,EXPONENTIAL 3                                ,MARIJUANA RETAILER       ,ACTIVE (ISSUED),395,  ,1260 116TH AVE NE STE D       ,                         ,BELLEVUE                ,WA,KING,980043800,20180314,2068527155,arne@exponential2.com
79720,6.0356E+15,FILLABONG                                    ,MARIJUANA RETAILER       ,ACTIVE (ISSUED),395,  ,3249 PERRY AVE                ,SUITE B                  ,BREMERTON               ,WA,KITSAP,983105371,20161121,3604432293,AYLA4FILLABONG@OUTLOOK.COM
415211,6.0356E+15,FILLABONG                                    ,MARIJUANA RETAILER       ,ACTIVE (ISSUED),395,  ,2839 NW KITSAP PL STE A       ,                         ,SILVERDALE              ,WA,KITSAP,983839447,20160226,3606980353,AKANASSY@COMCAST.NET
422049,6.03571E+15,FLOYDS                                       ,MARIJUANA RETAILER       ,ACTIVE (ISSUED),395,  ,410 W STATE ST                ,                         ,SEDRO WOOLLEY           ,WA,SKAGIT,982841557,20160916,3605884473,KENBARLEY1@GMAIL.COM
426808,6.03423E+15,FORBIDDEN CANNABIS CLUB                      ,MARIJUANA RETAILER       ,ACTIVE (ISSUED),395,  ,21509 HWY 410 E STE 1         ,                         ,BONNEY LAKE             ,WA,PIERCE,983910000,20180517,2532241442,HOLISTIC2929@GMAIL.COM
414280,6.0341E+15,FREEDOM MARKET                               ,MARIJUANA RETAILER       ,ACTIVE (ISSUED),395,  ,820A WESTSIDE HWY             ,                         ,KELSO                   ,WA,COWLITZ,986264355,20151105,3603550682,thefreedommarket420@gmail.com
422459,6.04154E+15,FREEDOM MARKET CATHLAMET CORP                ,MARIJUANA RETAILER       ,ACTIVE (ISSUED),395,  ,327 SR 4                      ,                         ,CATHLAMET               ,WA,WAHKIAKUM,986120000,20180124,3607036090,THEFREEDOMMARKET420@GMAIL.COM
421757,6.04052E+15,FREEDOM MARKET ILWACO                        ,MARIJUANA RETAILER       ,PENDING (ISSUED),395,  ,133 HOWERTON AVE SE STE B     ,                         ,ILWACO                  ,WA,PACIFIC,986249088,20171128,3607036090,BREANNAROSENELSON@YAHOO.COM
422777,6.03602E+15,FREELAND CANNABIS COMPANY                    ,MARIJUANA RETAILER       ,ACTIVE (ISSUED),395,  ,18646 SR 525                  ,STE B                    ,FREELAND                ,WA,ISLAND,982498752,20160714,4255126880,whidbeyislandnaturalmedicine@gmail.com
413530,6.04199E+15,FRESH GREENS                                 ,MARIJUANA RETAILER       ,ACTIVE (ISSUED),395,  ,29 HORIZON FLATS RD STE 8     ,                         ,WINTHROP                ,WA,OKANOGAN,988628400,20180330,5094295556,vanlotsband@gmail.com
412922,6.0283E+15,FWEEDOM CANNABIS                             ,MARIJUANA RETAILER       ,ACTIVE (ISSUED),395,  ,12001 AURORA AVE N            ,UNIT #1                  ,SEATTLE                 ,WA,KING,981338249,20160202,2063515121,FWEEDOMCOLLECTIVE@GMAIL.COM
415031,6.03358E+15,FWEEDOM CANNABIS                             ,MARIJUANA RETAILER       ,ACTIVE (ISSUED),395,  ,21911 64TH AVE W   STE D      ,STE D                    ,MOUNTLAKE TERRACE       ,WA,SNOHOMISH,980430000,20160622,4259540640,FWEEDOMCANNABIS@GMAIL.COM
415032,6.03358E+15,FWEEDOM CANNABIS                             ,MARIJUANA RETAILER       ,ACTIVE (ISSUED),395,  ,17869 STATE ROUTE 536         ,                         ,MOUNT VERNON            ,WA,SKAGIT,982733270,20170317,2063515121,VALERIE.ROSS3315@GMAIL.COM
413558,6.03328E+15,GANJA GODDESS                                ,MARIJUANA RETAILER       ,ACTIVE (ISSUED),395,  ,3207 1ST AVE S UNIT A         ,                         ,SEATTLE                 ,WA,KING,981341819,20160617,2066827220,TAMMARAWELLS@GMAIL.COM
415539,6.03359E+15,GANJA VITA                                   ,MARIJUANA RETAILER       ,ACTIVE (ISSUED),395,  ,23441 NE STATE ROUTE 3        ,                         ,BELFAIR                 ,WA,MASON,985280000,20151011,2535143949,GANJAVITALLC@GMAIL.COM
422168,6.03556E+15,GOLD BAR MARIJUANA                           ,MARIJUANA RETAILER       ,ACTIVE (ISSUED),395,  ,16810 415TH AVE SE STE A-2    ,                         ,GOLD BAR                ,WA,SNOHOMISH,982510000,20160428,2067553751,RUSSIANWORM@GMAIL.COM
415294,6.02378E+15,GOODBUDS                                     ,MARIJUANA RETAILER       ,ACTIVE (ISSUED),395,  ,5384 NW K RD STE A            ,                         ,QUINCY                  ,WA,GRANT,988480000,20151009,5093988843,RALLS4351@GMAIL.COM
350641,6.03327E+15,GREEN FIRE CANNABIS                          ,MARIJUANA RETAILER       ,ACTIVE (ISSUED),395,  ,1956 1ST AVE S                ,                         ,SEATTLE                 ,WA,KING,981341406,20160614,2066233792,RODKRAFKA@HOTMAIL.COM
423779,6.03349E+15,GREEN GROTTO                                 ,MARIJUANA RETAILER       ,ACTIVE (ISSUED),395,  ,22106 SE 51ST PL              ,                         ,ISSAQUAH                ,WA,KING,980272519,20180309,4252466547,greengrotto206@gmail.com
414761,6.00314E+15,GREEN HEAD CANNABIS                          ,MARIJUANA RETAILER       ,ACTIVE (ISSUED),395,  ,2815 ST. JOHNS ROAD   STE B   ,                         ,VANCOUVER               ,WA,CLARK,986610000,20151012,3606091479,PAPAG@GREENHEADCANNABIS.COM
415130,6.0336E+15,GREEN LADY                                   ,MARIJUANA RETAILER       ,PENDING (ISSUED),395,  ,3044 PACIFIC AVE SE STE B     ,                         ,OLYMPIA                 ,WA,THURSTON,985012043,20151016,5098697574,MIKE@GREENLADYMJ.COM
421667,6.03564E+15,GREEN LADY EVERETT                           ,MARIJUANA RETAILER       ,ACTIVE (ISSUED),395,  ,14221 LAKE ROAD               ,                         ,LYNNWOOD                ,WA,SNOHOMISH,980871710,20160419,5098697574,MIKE@GREENLADYMJ.COM
416540,6.03564E+15,"GREEN LADY WESTSIDE, INC.                    ",MARIJUANA RETAILER       ,ACTIVE (ISSUED),395,  ,2405 HARRISON AVE NW STE 201  ,                         ,OLYMPIA                 ,WA,THURSTON,985024592,20160218,5098697475,MIKE@GREENLADYMJ.COM
413886,6.03358E+15,GREEN LEAF                                   ,MARIJUANA RETAILER       ,ACTIVE (ISSUED),395,  ,4220 MERIDIAN ST STE 102      ,                         ,BELLINGHAM              ,WA,WHATCOM,982269153,20151009,3605262198,SKJLINSE@MSN.COM
414918,6.03565E+15,GREEN LEAF                                   ,MARIJUANA RETAILER       ,ACTIVE (ISSUED),395,  ,3435 BIRCH BAY LYNDEN RD      ,                         ,CUSTER                  ,WA,WHATCOM,982409507,20160606,3603032860,SKJLINSE@MSN.COM
413798,6.03351E+15,GREEN OUTFITTERS                             ,MARIJUANA RETAILER       ,PENDING (ISSUED),395,  ,668 OCEAN SHORES BLVD NW      ,                         ,OCEAN SHORES            ,WA,GRAYS HARBOR,985699344,20160107,4252684391,RYANKUNKEL425@LIVE.COM
422103,6.04163E+15,GREEN ROOM OH INC.                           ,MARIJUANA RETAILER       ,ACTIVE (ISSUED),395,  ,1640 NE GOLDIE ST    STE B    ,STE B                    ,OAK HARBOR              ,WA,ISLAND,982774835,20180306,2065048629,SIMONTESFU206@GMAIL.COM
410798,6.03351E+15,GREEN STAR CANNABIS                          ,MARIJUANA RETAILER       ,ACTIVE (ISSUED),395,  ,1403 N DIVISION ST STE A      ,                         ,SPOKANE                 ,WA,SPOKANE,992021810,20151009,5099193398,GREENSTARSAM@Q.COM
413801,6.03476E+15,GREEN STOP CANNABIS                          ,MARIJUANA RETAILER       ,ACTIVE (ISSUED),395,  ,7466 MT BAKER HWY             ,                         ,MAPLE FALLS             ,WA,WHATCOM,982660000,20151203,3607468734,green_stop@outlook.com
425068,6.03411E+15,GREEN THEORY                                 ,MARIJUANA RETAILER       ,ACTIVE (ISSUED),395,  ,1940 124TH AVE NE STE A-101   ,STE A-101                ,BELLEVUE                ,WA,KING,980050000,20170608,4252562662,TERA@GREEN-THEORY.COM
421777,6.03411E+15,GREEN THEORY FACTORIA                        ,MARIJUANA RETAILER       ,ACTIVE (ISSUED),395,  ,12827 SE 40TH PL              ,                         ,BELLEVUE                ,WA,KING,980061232,20170831,4252562662,MGRIFFITH@PAR5LLC.COM
81400,6.04097E+15,GREEN TIKI CANNABIS                          ,MARIJUANA RETAILER       ,ACTIVE (ISSUED),395,  ,8208 NE STATE HIGHWAY 104     ,STE 101                  ,KINGSTON                ,WA,KITSAP,983460000,20171120,3608810621,greentikicannabiscompany@gmail.com
420785,6.04219E+15,GREEN TOKEN TACOMA CANNABIS                  ,MARIJUANA RETAILER       ,ACTIVE (ISSUED),395,  ,5917 N 26TH ST STE A          ,                         ,TACOMA                  ,WA,PIERCE,984072359,20180514,2532675428,stacy.percival@yahoo.com
420793,6.0355E+15,GREEN ZAP                                    ,MARIJUANA RETAILER       ,ACTIVE (ISSUED),395,  ,11064 LAKE CITY WAY NE STE 6-A,                         ,SEATTLE                 ,WA,KING,981256730,20160301,2069223911,GREENZAP420@GMAIL.COM
410273,6.03303E+15,GREEN2GO                                     ,MARIJUANA RETAILER       ,ACTIVE (ISSUED),395,  ,214307 E SR 397               ,                         ,KENNEWICK               ,WA,BENTON,993377198,20171117,5095917100,G2GMEDS@GMAIL.COM
410273,6.03303E+15,GREEN2GO                                     ,MARIJUANA RETAILER       ,ACTIVE (ISSUED),395,  ,214610 E SR 397 STE B         ,                         ,KENNEWICK               ,WA,BENTON,993377199,20171117,5095917100,G2GMEDS@GMAIL.COM
422655,6.03303E+15,GREEN2GO TOKIO                               ,MARIJUANA RETAILER       ,ACTIVE (ISSUED),395,  ,2008 N DURRY RD UNIT 2        ,                         ,SPRAGUE                 ,WA,ADAMS,990329621,20161114,5095917100,G2GMEDS@GMAIL.COM
414356,6.03351E+15,GREENFIELD COMPANY CANNABIS MERCANTILE       ,MARIJUANA RETAILER       ,ACTIVE (ISSUED),395,  ,728 6TH ST                    ,                         ,CLARKSTON               ,WA,ASOTIN,994032012,20151009,2069621025,MEPLEMMONS@GMAIL.COM
415112,6.03359E+15,GREENLIGHT                                   ,MARIJUANA RETAILER       ,ACTIVE (ISSUED),395,  ,10309 E TRENT AVE             ,                         ,MILLWOOD                ,WA,SPOKANE,992064514,20160621,5093093193,NWORGANIX@GMAIL.COM
413428,6.01996E+15,GREENWORKS N.W.                              ,MARIJUANA RETAILER       ,ACTIVE (ISSUED),395,  ,315 N 105TH ST                ,                         ,SEATTLE                 ,WA,KING,981330000,20160614,2064925132,ZACHPETERSON88@GMAIL.COM
415124,6.0336E+15,GROWERS OUTLET                               ,MARIJUANA RETAILER       ,ACTIVE (ISSUED),395,  ,613 MONTANA AVE STE 2         ,                         ,SOUTH BEND              ,WA,PACIFIC,985860000,20151009,3605415888,NGOODIN@WILLAPABAY.ORG
354876,6.03516E+15,HAPPY TIME                                   ,MARIJUANA RETAILER       ,ACTIVE (ISSUED),395,  ,1315 N 1ST ST                 ,                         ,YAKIMA                  ,WA,YAKIMA,989011801,20171212,5094802097,jcampos5483@yahoo.com
415333,6.03191E+15,HAVE A HEART                                 ,MARIJUANA RETAILER       ,ACTIVE (ISSUED),395,  ,12833 MARTIN LUTHER KING JR   ,WAY S                    ,SEATTLE                 ,WA,KING,981783513,20160107,2062618206,TODDASHIRLEY@GMAIL.COM
423379,6.03354E+15,HAVE A HEART                                 ,MARIJUANA RETAILER       ,PENDING (ISSUED),395,  ,115 BLANCHARD ST              ,                         ,SEATTLE                 ,WA,KING,981212020,20160728,5202508988,chipboyden@hotmail.com
421409,6.03106E+15,HAVE A HEART CC                              ,MARIJUANA RETAILER       ,PENDING (ISSUED),395,  ,300 NW 85TH ST STE A          ,                         ,SEATTLE                 ,WA,KING,981170000,20160205,2062574500,RYANKUNKEL425@LIVE.COM
402039,6.03285E+15,HERB'S HOUSE                                 ,MARIJUANA RETAILER       ,ACTIVE (ISSUED),395,  ,716 NW 65TH ST                ,                         ,SEATTLE                 ,WA,KING,981175049,20151011,2065577388,SHARONJACOBSON@HOTMAIL.COM
421918,6.03319E+15,HERBAL ACCESS RETAIL                         ,MARIJUANA RETAILER       ,ACTIVE (ISSUED),395,  ,8962 BEAVER VALLEY RD         ,                         ,CHIMACUM                ,WA,JEFFERSON,983250000,20160420,2068543538,SALES@HERBALACCESS.COM
411970,6.02484E+15,HERBAL E SCENTS                              ,MARIJUANA RETAILER       ,ACTIVE (ISSUED),395,  ,120 NE CANNING DR             ,                         ,COLVILLE                ,WA,STEVENS,991142004,20170209,5096844420,herbalescents@gmail.com
423775,6.03583E+15,HERBAL HEALING                               ,MARIJUANA RETAILER       ,ACTIVE (ISSUED),395,  ,3062 SW HWY 16 STE A          ,                         ,BREMERTON               ,WA,KITSAP,983120000,20160923,2064278666,KATHYHARTWELL@HOTMAIL.COM
413702,6.02946E+15,HERBAL LEGENDS                               ,MARIJUANA RETAILER       ,ACTIVE (ISSUED),395,  ,2118 JAMES ST                 ,                         ,BELLINGHAM              ,WA,WHATCOM,982254140,20160225,3605941738,TODD@HEALTHYLIVINGCENTERWA.COM
413683,6.0349E+15,HERBAL NATION                                ,MARIJUANA RETAILER       ,ACTIVE (ISSUED),395,  ,19302 BOTHELL EVERETT HWY     ,                         ,BOTHELL                 ,WA,SNOHOMISH,980127113,20180306,4254861111,1HERBALNATION@GMAIL.COM
413570,6.03355E+15,HERBN ELEMENTS                               ,MARIJUANA RETAILER       ,ACTIVE (ISSUED),395,  ,11013 LAKE CITY WAY NE        ,                         ,SEATTLE                 ,WA,KING,981250000,20151010,2065358769,SETH@HERBNELEMENTS.COM
413550,6.0335E+15,HIGH END MARKET PLACE                        ,MARIJUANA RETAILER       ,ACTIVE (ISSUED),395,  ,1906 BROADWAY                 ,                         ,VANCOUVER               ,WA,CLARK,986630000,20151009,3606953612,hempabk@gmail.com
413534,6.03353E+15,HIGH SOCIETY                                 ,MARIJUANA RETAILER       ,ACTIVE (ISSUED),395,  ,8630 S MARCH POINT RD         ,                         ,ANACORTES               ,WA,SKAGIT,982213412,20151012,3606610168,RACHAELSCHAUT@GMAIL.COM
423977,6.04133E+15,HIGH SOCIETY TACOMA                          ,MARIJUANA RETAILER       ,PENDING (ISSUED),395,  ,3906 S 12TH ST                ,                         ,TACOMA                  ,WA,PIERCE,984051507,20171016,2533023121,DRJASONKITZMAN@GMAIL.COM
421702,6.03404E+15,HIGH-5 CANNABIS                              ,MARIJUANA RETAILER       ,ACTIVE (ISSUED),395,  ,6511 NE 137TH AVE             ,                         ,VANCOUVER               ,WA,CLARK,986825948,20160510,3609475404,JBRITT@HIGH5CANNABIS.COM
423000,6.03344E+15,HIGHER LEAF MARIJUANA BELLEVUE               ,MARIJUANA RETAILER       ,ACTIVE (ISSUED),395,  ,3079 156TH AVE SE             ,                         ,BELLEVUE                ,WA,KING,980076526,20160728,4258706335,MONIKA@HIGHERLEAF.COM
422218,6.03414E+15,HIGHER LEAF MARIJUANA BOUTIQUE               ,MARIJUANA RETAILER       ,ACTIVE (ISSUED),395,  ,12525 WILLOWS RD NE STE 10    ,                         ,KIRKLAND                ,WA,KING,980348735,20160301,4258205967,MOLLY@HIGHERLEAF.COM
413427,6.02763E+15,HWY 420                                      ,MARIJUANA RETAILER       ,ACTIVE (ISSUED),395,  ,11493 CLEAR CREEK RD          ,                         ,SILVERDALE              ,WA,KITSAP,983839657,20170227,3604408671,AACETHERAPYLLC@HOTMAIL.COM
413843,6.03406E+15,HWY 420                                      ,MARIJUANA RETAILER       ,ACTIVE (ISSUED),395,  ,1110 CHARLESTON BEACH RD W    ,                         ,BREMERTON               ,WA,KITSAP,983124504,20151011,3609323182,MANNETTE@OUTLOOK.COM
425498,6.03307E+15,HYPEHERBALLY                                 ,MARIJUANA RETAILER       ,ACTIVE (ISSUED),395,  ,14702 HIGHWAY 99              ,                         ,LYNNWOOD                ,WA,SNOHOMISH,980875522,20170831,4255829385,HYPEHERBALLY@GMAIL.COM
413727,6.0335E+15,ISLAND HERB                                  ,MARIJUANA RETAILER       ,ACTIVE (ISSUED),395,  ,5565 VANBARR PLACE UNIT F     ,                         ,FREELAND                ,WA,ISLAND,982490000,20160506,3603312898,INFO@WHIDBEYISLANDHERB.COM
417643,6.03322E+15,KALEAFA                                      ,MARIJUANA RETAILER       ,ACTIVE (ISSUED),395,  ,33858 SR 20 STE 102           ,                         ,OAK HARBOR              ,WA,ISLAND,982772664,20160212,3606822420,ILONA@KALEAFAWA.COM
421168,6.03554E+15,KARMA CANNABIS                               ,MARIJUANA RETAILER       ,ACTIVE (ISSUED),395,  ,131 RIVER RD   STE A          ,                         ,SEQUIM                  ,WA,CLALLAM,983829804,20160218,3604606641,KARMACANNABISLLC@YAHOO.COM
425925,6.03577E+15,KING CRONIC                                  ,MARIJUANA RETAILER       ,PENDING (ISSUED),395,  ,1110 E YELM AVE STE C         ,                         ,YELM                    ,WA,THURSTON,985977690,20171204,3609676056,KINGCRONICGROUP@GMAIL.COM
413846,6.03577E+15,KING CRONIC 3                                ,MARIJUANA RETAILER       ,PENDING (ISSUED),395,  ,551 14TH AVE                  ,                         ,LONGVIEW                ,WA,COWLITZ,986321601,0,3609676056,KINGCRONICGROUP@GMAIL.COM
413846,6.03577E+15,KING CRONIC 3                                ,MARIJUANA RETAILER       ,PENDING (ISSUED),395,  ,551 14TH AVE                  ,                         ,LONGVIEW                ,WA,COWLITZ,986321601,20161114,3609676056,KINGCRONICGROUP@GMAIL.COM
421359,6.03561E+15,KITSAP CANNABIS 2                            ,MARIJUANA RETAILER       ,ACTIVE (ISSUED),395,  ,1762 VILLAGE LN SE            ,                         ,PORT ORCHARD            ,WA,KITSAP,983662644,20160322,3608658092,WESTSOUNDQUALITY@HOTMAIL.COM
420336,6.02449E+15,KUSH                                         ,MARIJUANA RETAILER       ,ACTIVE (ISSUED),395,  ,11834 NE 90TH ST              ,                         ,KIRKLAND                ,WA,KING,980335814,20160303,4252693242,JBBERGE@HOTMAIL.COM
421876,6.04072E+15,KUSH KLUB                                    ,MARIJUANA RETAILER       ,ACTIVE (ISSUED),395,  ,17547 15TH AVE NE             ,                         ,SHORELINE               ,WA,KING,981553801,20171214,2066968327,BTAHOLDINGSLLC@GMAIL.COM
421630,6.03304E+15,KUSH POINTE                                  ,MARIJUANA RETAILER       ,PENDING (ISSUED),395,  ,11811 MUKILTEO SPEEDWAY       ,UNIT 111                 ,MUKILTEO                ,WA,SNOHOMISH,982755442,20160624,2065795394,GARRETT88@GMAIL.COM
415287,6.02709E+15,KUSHMAN                                      ,MARIJUANA RETAILER       ,ACTIVE (ISSUED),395,  ,11110 MUKILTEO SPEEDWAY       ,SUITE 102                ,MUKILTEO                ,WA,SNOHOMISH,982755450,20180123,4254441575,TO@MYESTORE.COM
421552,6.02709E+15,KUSHMAN                                      ,MARIJUANA RETAILER       ,ACTIVE (ISSUED),395,  ,15804 HIGHWAY 99 UNIT A       ,                         ,LYNNWOOD                ,WA,SNOHOMISH,980871426,20180123,4254441575,TO@MYESTORE.COM
414520,6.03347E+15,KUSHMART                                     ,MARIJUANA RETAILER       ,ACTIVE (ISSUED),395,  ,6309 EVERGREEN WAY STE C      ,                         ,EVERETT                 ,WA,SNOHOMISH,982034559,20151013,2067691282,HENOK.ABRAHA@GMAIL.COM
416102,6.03554E+15,KUSHMART SOUTH EVERETT                       ,MARIJUANA RETAILER       ,ACTIVE (ISSUED),395,  ,13220 HWY 99 S                ,                         ,EVERETT                 ,WA,SNOHOMISH,982045424,20160311,2069724990,DAVIDJAMESAHL@YAHOO.COM
417880,6.03357E+15,LEGAL MARIJUANA SUPERSTORE                   ,MARIJUANA RETAILER       ,ACTIVE (ISSUED),395,  ,3610 BETHEL RD SE             ,SUITE 100                ,PORT ORCHARD            ,WA,KITSAP,983670000,20151230,3603401009,PATWATERS55@GMAIL.COM
413544,6.03354E+15,LONGVIEW FREEDOM MARKET                      ,MARIJUANA RETAILER       ,PENDING (ISSUED),395,  ,971 14TH AVE STE 110          ,                         ,LONGVIEW                ,WA,COWLITZ,986324049,20151104,3606360420,THEFREEDOMMARKET420@GMAIL.COM
414963,6.03359E+15,LUCID                                        ,MARIJUANA RETAILER       ,ACTIVE (ISSUED),395,  ,4820 YELM HWY SE SUITE D      ,                         ,LACEY                   ,WA,THURSTON,985033402,20151009,5304010839,christian@lucidmj.com
415429,6.03359E+15,LUCID                                        ,MARIJUANA RETAILER       ,ACTIVE (ISSUED),395,  ,7294 MARTIN WAY E             ,                         ,OLYMPIA                 ,WA,THURSTON,985165533,20151009,5304010839,OLIKALANI@GMAIL.COM
420497,6.03573E+15,LUCID CANNABIS COMPANY                       ,MARIJUANA RETAILER       ,ACTIVE (ISSUED),395,  ,11414 N. NEWPORT HWY          ,                         ,SPOKANE                 ,WA,SPOKANE,992181616,20160617,2532269284,48lawsofpower3345@gmail.com
422442,6.03351E+15,LUCKY LEAF                                   ,MARIJUANA RETAILER       ,ACTIVE (ISSUED),395,  ,1111 W 1ST AVE STE A          ,                         ,SPOKANE                 ,WA,SPOKANE,992014005,20160315,5095194248,INFO@LUCKYLEAF.CO
413414,6.0343E+15,MARGIES'S POT SHOP LLC                       ,MARIJUANA RETAILER       ,ACTIVE (ISSUED),395,  ,405 E STUEBEN                 ,                         ,BINGEN                  ,WA,KLICKITAT,986050000,20160606,5094930441,MARGIESPOTSHOP@GMAIL.COM
426895,6.03587E+15,MARIJUANA CLUB 99                            ,MARIJUANA RETAILER       ,ACTIVE (ISSUED),395,  ,12631 HWY 99 STE A            ,                         ,EVERETT                 ,WA,SNOHOMISH,982040000,20180605,2066943045,RCSCONNECTION@GMAIL.COM
419640,6.03352E+15,MARIJUANA MART                               ,MARIJUANA RETAILER       ,ACTIVE (ISSUED),395,  ,6039 SW 197TH AVE             ,                         ,ROCHESTER               ,WA,THURSTON,985799250,20160129,3608587188,TROBMAN@COMCAST.NET
420889,6.03064E+15,MARLEY 420                                   ,MARIJUANA RETAILER       ,ACTIVE (ISSUED),395,  ,16204 SE 272ND ST             ,STE 1                    ,COVINGTON               ,WA,KING,980428213,20160728,2067147733,MARLEY555@COMCAST.NET
422158,6.03434E+15,MARY JANE'S HOUSE OF GRASS                   ,MARIJUANA RETAILER       ,ACTIVE (ISSUED),395,  ,8312 E MILL PLAIN BLVD        ,                         ,VANCOUVER               ,WA,CLARK,986642007,20160609,3603357823,AARDVARKUNDERGROUND@GMAIL.COM
414864,6.04141E+15,MARY JANES                                   ,MARIJUANA RETAILER       ,ACTIVE (ISSUED),395,  ,1037 W MARINA DR              ,                         ,MOSES LAKE              ,WA,GRANT,988372635,20180228,5098554485,MARYJANE4YOU@YAHOO.COM
424311,6.03623E+15,MARY MART INC                                ,MARIJUANA RETAILER       ,ACTIVE (ISSUED),395,  ,3002 6TH AVE STE 100          ,                         ,TACOMA                  ,WA,PIERCE,984066203,20180629,2539614231,253marymart@gmail.com
414735,6.02151E+15,MISTER BUDS                                  ,MARIJUANA RETAILER       ,ACTIVE (ISSUED),395,  ,536 MARINE DR STE B           ,                         ,PORT ANGELES            ,WA,CLALLAM,983632230,20151010,3607971966,waivivian@hotmail.com
415314,6.03456E+15,MJ'S POT SHOP                                ,MARIJUANA RETAILER       ,ACTIVE (ISSUED),395,  ,1335 SE BISHOP BLVD           ,                         ,PULLMAN                 ,WA,WHITMAN,991636408,20160613,5093321011,MJPOTSHOP@GMAIL.COM
424751,6.03405E+15,MR. BILLS OF BUCKLEY                         ,MARIJUANA RETAILER       ,ACTIVE (ISSUED),395,  ,29393 STATE ROUTE 410 E STE D ,                         ,BUCKLEY                 ,WA,PIERCE,983219424,20170414,3607617540,MRBILLSOFBUCKLEY@GMAIL.COM
424190,6.03412E+15,MR. DOOBEES                                  ,MARIJUANA RETAILER       ,ACTIVE (ISSUED),395,  ,1410 40TH ST                  ,                         ,SEAVIEW                 ,WA,PACIFIC,986442037,20161215,3608758016,MRDOOBEES@GMAIL.COM
413930,6.03359E+15,MUFFYS POT SHOP                              ,MARIJUANA RETAILER       ,ACTIVE (ISSUED),395,  ,3134 E HIGHWAY 101 SUITE A    ,                         ,PORT ANGELES            ,WA,CLALLAM,983629074,20151009,3608082532,WEEDRUS01@GMAIL.COM
423390,6.03415E+15,NATURAL BLESSINGS LLC                        ,MARIJUANA RETAILER       ,ACTIVE (ISSUED),395,  ,17024 PACIFIC AVE S           ,STE B                    ,SPANAWAY                ,WA,PIERCE,983874940,20170324,2066817241,NATURALBLESSING2014@gmail.com
414181,6.03356E+15,NATURE'S GIFTS                               ,MARIJUANA RETAILER       ,ACTIVE (ISSUED),395,  ,755 W WASHINGTON ST STE C     ,                         ,SEQUIM                  ,WA,CLALLAM,983823272,20160614,3607971993,EMANON@CRUZIO.COM
421562,6.0413E+15,NATURES RECREATIONAL CENTER                  ,MARIJUANA RETAILER       ,ACTIVE (ISSUED),395,  ,3833 PACIFIC AVE STE 3-C      ,                         ,TACOMA                  ,WA,PIERCE,984187897,20180326,2535721500,JAY@NOTGUILTY.COM.BZ
421698,6.03572E+15,NEXT STEPS                                   ,MARIJUANA RETAILER       ,ACTIVE (ISSUED),395,  ,2804 E 30TH AVE               ,                         ,SPOKANE                 ,WA,SPOKANE,992234782,20160426,5202508988,chipboyden@hotmail.com
415658,6.03189E+15,NIMBIN FARM                                  ,MARIJUANA RETAILER       ,ACTIVE (ISSUED),395,  ,10859 1ST AVE S STE A         ,                         ,SEATTLE                 ,WA,KING,981681309,20151014,2532617600,JASMELSANGHA@GMAIL.COM
422507,6.03359E+15,NIRVANA CANNABIS COMPANY                     ,MARIJUANA RETAILER       ,ACTIVE (ISSUED),395,  ,11980 W SUNSET HWY STE A      ,                         ,AIRWAY HEIGHTS          ,WA,SPOKANE,990019403,20160622,5098082361,DIANNA@MGSCPA.COM
424951,6.03359E+15,NIRVANA CANNABIS COMPANY                     ,MARIJUANA RETAILER       ,ACTIVE (ISSUED),395,  ,4950 ARENA RD                 ,                         ,RICHLAND                ,WA,BENTON,993527857,20170518,5098082391,DIANNA@MGSCPA.COM
413407,6.0335E+15,NORTH BAY MARIJUANA                          ,MARIJUANA RETAILER       ,ACTIVE (ISSUED),395,  ,211 E NORTH BAY RD            ,STE B                    ,ALLYN                   ,WA,MASON,985240000,20151013,3608014269,STARTRECKIE@YAHOO.COM
413996,6.03104E+15,NORTHWEST CANNABIS                           ,MARIJUANA RETAILER       ,ACTIVE (ISSUED),395,  ,1411 E OLIVE WAY              ,                         ,SEATTLE                 ,WA,KING,981222127,20180326,4256985381,john.b.davis@comcast.net
423492,6.03228E+15,NORTHWEST CANNABIS CONNECTION                ,MARIJUANA RETAILER       ,ACTIVE (ISSUED),395,  ,11522 CANYON RD E             ,                         ,PUYALLUP                ,WA,PIERCE,983734360,20160729,2537209769,MWCCCANYON@GMAIL.COM
421490,6.03277E+15,NORTHWEST COLLECTIVE                         ,MARIJUANA RETAILER       ,ACTIVE (ISSUED),395,  ,9326 KIMMIE ST SW STE B       ,                         ,OLYMPIA                 ,WA,THURSTON,985129119,20160401,3609156071,JOLENESALAZAR56@GMAIL.COM
82587,6.03351E+15,NXNW RETAIL LLC/CANNABIS & GLASS             ,MARIJUANA RETAILER       ,ACTIVE (ISSUED),395,  ,9403 E TRENT AVE              ,                         ,MILLWOOD                ,WA,SPOKANE,992064218,20180601,5093096974,info@cannabisandglass.com
413372,6.03351E+15,OCEAN GREENS                                 ,MARIJUANA RETAILER       ,ACTIVE (ISSUED),395,  ,9724 AURORA AVE N             ,                         ,SEATTLE                 ,WA,KING,981033223,20151105,2062299893,INFO@OCEANGREEN420.COM
420390,6.03304E+15,ORCAS ISLAND CANNABIS                        ,MARIJUANA RETAILER       ,ACTIVE (ISSUED),395,  ,1533 MT BAKER RD              ,                         ,EASTSOUND               ,WA,SAN JUAN,982450000,20171214,3603175704,360HERBALHEALING@GMAIL.COM
414656,6.03357E+15,PACIFIC CANNABIS COMPANY                     ,MARIJUANA RETAILER       ,ACTIVE (ISSUED),395,  ,625 N CALLOW AVE              ,                         ,BREMERTON               ,WA,KITSAP,983123903,20151012,3606162014,books@paccanco.com
414812,6.03351E+15,PAPER AND LEAF                               ,MARIJUANA RETAILER       ,ACTIVE (ISSUED),395,  ,8040 NE DAY RD W BLDG 3 STE 1 ,                         ,BAINBRIDGE ISLAND       ,WA,KITSAP,981100000,20151010,2067807814,SALTESE8040@GMAIL.COM
423536,6.0336E+15,PHAT SACKS CORP                              ,MARIJUANA RETAILER       ,ACTIVE (ISSUED),395,  ,22624 MERIDIAN AVE S          ,STE B                    ,BOTHELL                 ,WA,SNOHOMISH,980218358,20170322,2062618206,TODDSHIRLEY@GMAIL.COM
413809,6.03354E+15,PONDER                                       ,MARIJUANA RETAILER       ,ACTIVE (ISSUED),395,  ,2413 E UNION ST               ,                         ,SEATTLE                 ,WA,KING,981223045,20151010,2064202180,JOHN@PONDER4U.COM
420819,6.03358E+15,POT STOP                                     ,MARIJUANA RETAILER       ,ACTIVE (ISSUED),395,  ,4465 FREMONT AVE N            ,                         ,SEATTLE                 ,WA,KING,981037225,20160211,2064469291,KARLKEICH@HOTMAIL.COM
414574,6.03321E+15,PRC                                          ,MARIJUANA RETAILER       ,ACTIVE (ISSUED),395,  ,18729 FIR ISLAND RD STE C     ,                         ,MOUNT VERNON            ,WA,SKAGIT,982738159,20151009,3604456221,WA221INC@OUTLOOK.COM
415238,6.04002E+15,PUFF N CHILL LLC                             ,MARIJUANA RETAILER       ,ACTIVE (ISSUED),395,  ,15919 HWY 99                  ,                         ,LYNNWOOD                ,WA,SNOHOMISH,980871427,20170103,4252437082,INFO@PUFFNCHILL.COM
422109,6.03556E+15,PUGET SOUND MARIJUANA                        ,MARIJUANA RETAILER       ,ACTIVE (ISSUED),395,  ,14608 HWY 99 SUITE #304       ,                         ,LYNNWOOD                ,WA,SNOHOMISH,980875500,20160421,2067553751,PUGETSOUNDMARIJUANA@GMAIL.COM
423224,6.03358E+15,RAINIER CANNABIS                             ,MARIJUANA RETAILER       ,ACTIVE (ISSUED),395,  ,22002 64TH AVE W STE 2A       ,SUITE 2A                 ,MOUNTLAKE TERRACE       ,WA,SNOHOMISH,980432547,20170314,4252100546,AMCANNAWEEDCO@GMAIL.COM
422811,6.03604E+15,RENGAR LLC                                   ,MARIJUANA RETAILER       ,ACTIVE (ISSUED),395,  ,10900 MUKILTEO SPEEDWAY       ,                         ,MUKILTEO                ,WA,SNOHOMISH,982750000,20180509,2083403970,ENIKO12@MSN.COM
415132,6.03417E+15,ROYAL'S CANNABIS                             ,MARIJUANA RETAILER       ,ACTIVE (ISSUED),395,  ,7115 N DIVISION ST STE A      ,                         ,SPOKANE                 ,WA,SPOKANE,992086507,20151113,5099954896,INFO@ROYALSCANNABIS.COM
426888,6.03358E+15,SAGE SHOP                                    ,MARIJUANA RETAILER       ,ACTIVE (ISSUED),395,  ,309 N MAIN ST                 ,                         ,OMAK                    ,WA,OKANOGAN,988419745,20180604,5093225286,info@omaksageshop.com
413739,6.03354E+15,SATIVA SISTERS                               ,MARIJUANA RETAILER       ,PENDING (ISSUED),395,  ,10525 E TRENT AVE STE 1       ,                         ,SPOKANE                 ,WA,SPOKANE,992064516,20151009,2086603909,DAHENRICHS@YAHOO.COM
414664,6.03349E+15,SATORI                                       ,MARIJUANA RETAILER       ,ACTIVE (ISSUED),395,  ,9301 N DIVISION ST STE B-C    ,                         ,SPOKANE                 ,WA,SPOKANE,992181254,20160104,5099947051,GOLDENHIPPIE@COMCAST.NET
421616,6.03356E+15,SATORI                                       ,MARIJUANA RETAILER       ,ACTIVE (ISSUED),395,  ,100 E MAPLE ST STE A          ,                         ,BELLINGHAM              ,WA,WHATCOM,982255006,20160516,2064191102,OSCARV@DOCKSIDECANNABIS.COM
421848,6.03565E+15,SATORI                                       ,MARIJUANA RETAILER       ,PENDING (ISSUED),395,  ,330114 HIGHWAY 2 STE A        ,                         ,NEWPORT                 ,WA,PEND OREILLE,991569302,20170302,5099990148,KATHRYNDEPRIEST@GMAIL.COM
422525,6.03565E+15,SATORI                                       ,MARIJUANA RETAILER       ,PENDING (ISSUED),395,  ,2840 E HWY 101                ,                         ,PORT ANGELES            ,WA,CLALLAM,983629080,20160927,5099990148,KATHRYNDEPRIEST@GMAIL.COM
421708,6.03551E+15,SATORI FREMONT                               ,MARIJUANA RETAILER       ,ACTIVE (ISSUED),395,  ,316 N 36TH ST STE B           ,                         ,SEATTLE                 ,WA,KING,981038953,20180430,5099947051,satorimj@gmail.com
422764,6.03589E+15,SATORIMJ                                     ,MARIJUANA RETAILER       ,ACTIVE (ISSUED),395,  ,712 5TH ST                    ,                         ,CLARKSTON               ,WA,ASOTIN,994032632,20160824,2062350635,DAVE@DOPEMAGAZINE.COM
412066,6.03585E+15,SAVAGE THC                                   ,MARIJUANA RETAILER       ,ACTIVE (ISSUED),395,  ,4428 WILLIAMS VALLEY RD STE A ,                         ,CLAYTON                 ,WA,STEVENS,991109745,20180329,5099992989,SAVAGETHC@GMAIL.COM
353260,6.03353E+15,SEA CHANGE CANNABIS                          ,MARIJUANA RETAILER       ,ACTIVE (ISSUED),395,  ,282332 HIGHWAY 101 STE 2      ,                         ,PORT TOWNSEND           ,WA,JEFFERSON,983688700,20151010,2064228328,CBARSUKOFF@YAHOO.COM
426896,6.03318E+15,SEATTLE CANNABIS CO.                         ,MARIJUANA RETAILER       ,ACTIVE (ISSUED),395,  ,1713 NW MARKET ST             ,                         ,SEATTLE                 ,WA,KING,981075225,20180605,2062945839,doug@seattlecannabis.co
426896,6.03318E+15,SEATTLE CANNABIS CO.                         ,MARIJUANA RETAILER       ,ACTIVE (ISSUED),395,  ,928 NW LEARY WAY              ,                         ,SEATTLE                 ,WA,KING,981074610,20180605,2062293373,doug@seattlecannabis.co
414731,6.03358E+15,SEATTLE TONICS                               ,MARIJUANA RETAILER       ,ACTIVE (ISSUED),395,  ,12059 AURORA AVE N            ,                         ,SEATTLE                 ,WA,KING,981338249,20151016,2063636000,INFO@SEATTLETONICS.COM
413519,6.03352E+15,SEATTLE TREES COLLECTIVE                     ,MARIJUANA RETAILER       ,ACTIVE (ISSUED),395,  ,10532 GREENWOOD AVE N         ,                         ,SEATTLE                 ,WA,KING,981338721,20160209,2533208712,tera@globaltr.net
413994,6.02484E+15,SECRET HERB SHOP                             ,MARIJUANA RETAILER       ,ACTIVE (ISSUED),395,  ,2 COLUMBIA DR                 ,STE A                    ,KETTLE FALLS            ,WA,FERRY,991419461,20180102,5096844420,HERBALESCENTS@GMAIL.COM
422232,6.03307E+15,SEEDZ FAMILY                                 ,MARIJUANA RETAILER       ,ACTIVE (ISSUED),395,  ,1180 BURLINGTON BLVD          ,                         ,BURLINGTON              ,WA,SKAGIT,982333333,20171114,4252809482,HYPEHERBALLY@GMAIL.COM
426677,6.04253E+15,SHELTON CANNABIS COMPANY                     ,MARIJUANA RETAILER       ,ACTIVE (ISSUED),395,  ,1065 SE STATE ROUTE 3         ,                         ,SHELTON                 ,WA,MASON,985849195,20180703,4044063054,goamofo@gmail.com
422139,6.04052E+15,SMOKING CROW                                 ,MARIJUANA RETAILER       ,ACTIVE (ISSUED),395,  ,4264 PACIFIC HWY              ,                         ,BELLINGHAM              ,WA,WHATCOM,982269042,20180615,3604562882,MMILLS1954@COMCAST.NET
86823,6.03357E+15,SPARKET                                      ,MARIJUANA RETAILER       ,ACTIVE (ISSUED),395,  ,1215 E FRONT ST               ,                         ,PORT ANGELES            ,WA,CLALLAM,983624309,20161121,3604604902,WENDYB.RNR@GMAIL.COM
422146,6.03351E+15,SPOKANE GREEN LEAF                           ,MARIJUANA RETAILER       ,ACTIVE (ISSUED),395,  ,9107 N COUNTRY HOMES BLVD #13 ,STE 13                   ,SPOKANE                 ,WA,SPOKANE,992185007,20151011,5099193467,SPOKANEGREENLEAF@GMAIL.COM
422390,6.03349E+15,STARBUDS                                     ,MARIJUANA RETAILER       ,ACTIVE (ISSUED),395,  ,2517 HOWARD AVE UNIT B        ,                         ,EVERETT                 ,WA,SNOHOMISH,982036103,20171031,4258793191,daniellepreder@gmail.com
413596,6.03408E+15,STATION 420                                  ,MARIJUANA RETAILER       ,ACTIVE (ISSUED),395,  ,4007 MAIN ST                  ,                         ,UNION GAP               ,WA,YAKIMA,989032040,20151208,5094203430,ADAMINFINANCE@AOL.COM
426284,6.03408E+15,STATION 420                                  ,MARIJUANA RETAILER       ,ACTIVE (ISSUED),395,  ,2704 MAIN ST                  ,                         ,UNION GAP               ,WA,YAKIMA,989031754,20180214,5094524200,ADAM@STATION420.US
413847,6.03356E+15,SWEET GREENS NORTHWEST                       ,MARIJUANA RETAILER       ,ACTIVE (ISSUED),395,  ,19943 OLD HWY 99 SW           ,                         ,ROCHESTER               ,WA,THURSTON,985798689,20151009,3608587630,SWEETGREENSCO.OP@GMAIL.COM
423829,6.0335E+15,SWEET JANE                                   ,MARIJUANA RETAILER       ,ACTIVE (ISSUED),395,  ,9507 STATE ROUTE 302 NW # B   ,                         ,GIG HARBOR              ,WA,PIERCE,983297102,20161122,2532457831,INFO@SWEETJANENW.COM
415523,6.03359E+15,SWEET LEAF CANNABIS CO                       ,MARIJUANA RETAILER       ,ACTIVE (ISSUED),395,  ,100 OLD HILL RD               ,                         ,ABERDEEN                ,WA,GRAYS HARBOR,985207300,20151009,3605325758,SWEETLEAFMJ@ICLOUD.COM
413385,6.0358E+15,SWEET RELEAF                                 ,MARIJUANA RETAILER       ,ACTIVE (ISSUED),395,  ,14637 STATE ROUTE 20          ,                         ,MOUNT VERNON            ,WA,SKAGIT,982737276,20160510,2069621025,MEPLEMMONS@GMAIL.COM
422336,6.03588E+15,SWEET RELIEF CANNABIS EXPRESS                ,MARIJUANA RETAILER       ,ACTIVE (ISSUED),395,  ,1009 E YAKIMA AVE             ,                         ,YAKIMA                  ,WA,YAKIMA,989012558,20160527,3609096327,EHALLOCK.LAW@GMAIL.COM
422460,6.03578E+15,SWEET RELIEF CANNABIS EXPRESS                ,MARIJUANA RETAILER       ,ACTIVE (ISSUED),395,  ,"2947 E HWY 101  STE A, B      ",SUITE A AND B            ,PORT ANGELES            ,WA,CLALLAM,983629059,20160606,3609096327,EHALLOCK.LAW@GMAIL.COM
414002,6.03468E+15,T BROTHERS BUD LODGE                         ,MARIJUANA RETAILER       ,ACTIVE (ISSUED),395,  ,5740 RUDDEL RD  STE C         ,                         ,LACEY                   ,WA,THURSTON,985030000,20151208,3607917139,MIKE@TBROTHERS502RECREATIONAL.COM
424473,6.03519E+15,TACOMA HOUSE OF CANNABIS                     ,MARIJUANA RETAILER       ,ACTIVE (ISSUED),395,  ,2632 S 38TH ST STE A          ,                         ,TACOMA                  ,WA,PIERCE,984097304,20170217,2532413261,MRFLAMEFIGHTER@GMAIL.COM
420894,6.03554E+15,THC CONNECTION                               ,MARIJUANA RETAILER       ,ACTIVE (ISSUED),395,  ,11325 HIGHWAY 99              ,                         ,EVERETT                 ,WA,SNOHOMISH,982044816,20160517,2083403970,SATSENS@OUTLOOK.COM
421335,6.04047E+15,THC OF LACEY                                 ,MARIJUANA RETAILER       ,ACTIVE (ISSUED),395,  ,6725 MARTIN WAY E             ,                         ,OLYMPIA                 ,WA,THURSTON,985165541,20170425,3605397291,Jeffmahan20@hotmail.com
368015,6.04047E+15,THC OF OLYMPIA                               ,MARIJUANA RETAILER       ,ACTIVE (ISSUED),395,  ,5628 OLD HWY 410 SW STE A     ,STE A                    ,OLYMPIA                 ,WA,THURSTON,985129422,20160408,3605616364,OLYTHC@GMAIL.COM
421069,6.04047E+15,THC OF OLYMPIA                               ,MARIJUANA RETAILER       ,ACTIVE (ISSUED),395,  ,3203 MARTIN WAY E  STE D      ,                         ,OLYMPIA                 ,WA,THURSTON,985064951,20170228,3605397291,INFO@THEOFOLY.COM
353993,6.03348E+15,THE BLACK MARKET                             ,MARIJUANA RETAILER       ,ACTIVE (ISSUED),395,  ,428 10TH ST                   ,                         ,HOQUIAM                 ,WA,GRAYS HARBOR,985500000,20170109,2535721500,JAY@NOTGUILTY.COM.BZ
413897,6.03359E+15,THE CANNABIS CORNER                          ,MARIJUANA RETAILER       ,ACTIVE (ISSUED),395,  ,420 EVERGREEN DR N            ,                         ,NORTH BONNEVILLE        ,WA,SKAMANIA,986394619,20151010,9715701621,robyn@thecannabiscornernb.com
421877,6.03622E+15,THE CANNABIS CROSSING                        ,MARIJUANA RETAILER       ,ACTIVE (ISSUED),395,  ,6733 STATE HWY 303 NE         ,                         ,BREMERTON               ,WA,KITSAP,983113736,20180607,3606337379,Patrickgriffith868@gmail.com
423372,6.0348E+15,THE CANNABIS OASIS                           ,MARIJUANA RETAILER       ,ACTIVE (ISSUED),395,  ,2128 S 37TH ST                ,                         ,TACOMA                  ,WA,PIERCE,984097445,20160906,3604026368,champagneproducts@gmail.com
400772,6.03588E+15,THE FIRE HOUSE                               ,MARIJUANA RETAILER       ,ACTIVE (ISSUED),395,  ,1714 CANYON RD                ,                         ,ELLENSBURG              ,WA,KITTITAS,989269739,20160518,3607910112,rybeaner123@gmail.com
413813,6.03355E+15,THE GALLERY CANYON                           ,MARIJUANA RETAILER       ,ACTIVE (ISSUED),395,  ,11821 CANYON RD E             ,                         ,PUYALLUP                ,WA,PIERCE,983734453,20170314,3052988577,KEVIN@THEGALLERYCO.COM
413812,6.03355E+15,THE GALLERY FIFE                             ,MARIJUANA RETAILER       ,ACTIVE (ISSUED),395,  ,5303 PACIFIC HWY E            ,                         ,FIFE                    ,WA,PIERCE,984242601,20171020,2538586202,BANKSSOUNDVIEW@GMAIL.COM
413258,6.03337E+15,THE GALLERY PARKLAND                         ,MARIJUANA RETAILER       ,ACTIVE (ISSUED),395,  ,13005 PACIFIC AVE SOUTH       ,                         ,TACOMA                  ,WA,PIERCE,984444857,20160107,3052988577,TW@THEGALLERYCO.COM
413420,6.03337E+15,THE GALLERY SPANAWAY                         ,MARIJUANA RETAILER       ,ACTIVE (ISSUED),395,  ,21802 MOUNTAIN HWY E  STE 1   ,                         ,SPANAWAY                ,WA,PIERCE,983870000,20160303,3052988577,THEGALLERYACCTS@GMAIL.COM
86054,6.03346E+15,THE GREEN SEED                               ,MARIJUANA RETAILER       ,ACTIVE (ISSUED),395,  ,412 S INTERLAKE RD            ,                         ,MOSES LAKE              ,WA,GRANT,988372908,20170609,5098552271,AMYDALLUGE@HOTMAIL.COM
413481,6.0334E+15,THE HAPPY CROP SHOPPE                        ,MARIJUANA RETAILER       ,ACTIVE (ISSUED),395,  ,50 ROCK ISLAND RD             ,                         ,EAST WENATCHEE          ,WA,DOUGLAS,988025352,20151011,5098881597,THEHAPPYCROPSHOPPE@GMAIL.COM
413600,6.0334E+15,THE HAPPY CROP SHOPPE                        ,MARIJUANA RETAILER       ,ACTIVE (ISSUED),395,  ,5736 VALE RD                  ,                         ,CASHMERE                ,WA,CHELAN,988150000,20151011,5098882454,MAXUMELKC@MSN.COM
420934,6.03423E+15,THE HAPPY CROP SHOPPE                        ,MARIJUANA RETAILER       ,ACTIVE (ISSUED),395,  ,1210 N WENATCHEE AVE STE J    ,                         ,WENATCHEE               ,WA,CHELAN,988016707,20160624,5096696835,THEHAPPYCROPSHOPPE@GMAIL.COM
415484,6.03327E+15,THE HERBAL CENTER                            ,MARIJUANA RETAILER       ,ACTIVE (ISSUED),395,  ,449 WICHMAN ST S STE A        ,                         ,TENINO                  ,WA,THURSTON,985899376,20151014,3608274217,friasjef@hotmail.com
423634,6.03326E+15,THE HERBAL GARDENS                           ,MARIJUANA RETAILER       ,ACTIVE (ISSUED),395,  ,4803 CENTER STREET STE A      ,                         ,TACOMA                  ,WA,PIERCE,984092319,20160819,2532725265,LCKA4@COMCAST.NET
426563,6.03355E+15,THE HERBERY                                  ,MARIJUANA RETAILER       ,ACTIVE (ISSUED),395,  ,6018 NE ST JOHNS RD STE D     ,                         ,VANCOUVER               ,WA,CLARK,986610000,20180403,3608417505,jim.mullen@theherberynw.com
412921,6.03351E+15,THE HIDDEN BUSH                              ,MARIJUANA RETAILER       ,ACTIVE (ISSUED),395,  ,3230 E HWY 101                ,                         ,PORT ANGELES            ,WA,CLALLAM,983629073,20151012,3604529395,THEHIDDENBUSH@YAHOO.COM
413677,6.03565E+15,THE JOINT                                    ,MARIJUANA RETAILER       ,ACTIVE (ISSUED),395,  ,1840 JAMES ST                 ,                         ,BELLINGHAM              ,WA,WHATCOM,982254623,20160614,3602200439,SKJLINSE@MSN.COM
414065,6.03349E+15,THE JOINT                                    ,MARIJUANA RETAILER       ,ACTIVE (ISSUED),395,  ,1510 N WENATCHEE AVE          ,                         ,WENATCHEE               ,WA,CHELAN,988011157,20151011,4254710283,SMPREDER@GMAIL.COM
420389,6.03303E+15,THE JOINT                                    ,MARIJUANA RETAILER       ,PENDING (ISSUED),395,  ,14325 1ST AVE S STE B         ,                         ,BURIEN                  ,WA,KING,981683418,20160321,2062255555,SHYD1@HOTMAIL.COM
420801,6.03588E+15,THE JOINT                                    ,MARIJUANA RETAILER       ,ACTIVE (ISSUED),395,  ,9574 OLD HWY 99 NORTH RD STE B,                         ,BURLINGTON              ,WA,SKAGIT,982336811,20170803,3607550755,JEFF@THEJOINTBELLINGHAM.COM
426606,6.03349E+15,THE JOINT                                    ,MARIJUANA RETAILER       ,PENDING (ISSUED),395,  ,3502 S 74TH ST                ,                         ,TACOMA                  ,WA,PIERCE,984093912,20180410,4254710283,SMPREDER@GMAIL.COM
414983,6.03352E+15,THE NOVEL TREE                               ,MARIJUANA RETAILER       ,ACTIVE (ISSUED),395,  ,1817 130TH AVE NE SUITE B & C ,                         ,BELLEVUE                ,WA,KING,980052225,20160126,3609301700,CHRIS@NOVEL-TREE.COM
420800,6.04034E+15,THE POT SHOP BELLINGHAM                      ,MARIJUANA RETAILER       ,ACTIVE (ISSUED),395,  ,2119 LINCOLN STREET           ,                         ,BELLINGHAM              ,WA,WHATCOM,982254147,20170831,3606710111,JEFF@THEJOINTBELLINGHAM.COM
426562,6.04107E+15,THE REEF                                     ,MARIJUANA RETAILER       ,ACTIVE (ISSUED),395,  ,1525 E OLIVE WAY STE B        ,                         ,SEATTLE                 ,WA,KING,981222129,20180404,2066866362,ASIMON@REALASSETSPS.COM
414216,6.03352E+15,THE ROACH 420                                ,MARIJUANA RETAILER       ,ACTIVE (ISSUED),395,  ,133 STATE AVE                 ,                         ,BREWSTER                ,WA,DOUGLAS,988129643,20151010,5098607111,THEROACH420@YAHOO.COM
415343,6.03355E+15,THE ROOT CELLAR                              ,MARIJUANA RETAILER       ,ACTIVE (ISSUED),395,  ,23632 NE STATE ROUTE 3        ,                         ,BELFAIR                 ,WA,MASON,985288309,20151222,3604348767,CRAIG@THEROOTCELLARS.COM
412494,6.0335E+15,THE STASH BOX                                ,MARIJUANA RETAILER       ,ACTIVE (ISSUED),395,  ,3108 A ST SE STE F            ,                         ,AUBURN                  ,WA,KING,980028811,20151009,2537970959,JOE.B@THESTASHBOXLLC.COM
414716,6.03358E+15,THE TOP SHELF                                ,MARIJUANA RETAILER       ,ACTIVE (ISSUED),395,  ,1305 S HAYFORD RD STE A       ,                         ,AIRWAY HEIGHTS          ,WA,SPOKANE,992245276,20151103,5099444350,johnpchilds@hotmail.com
414712,6.0336E+15,THE WEED SHACK                               ,MARIJUANA RETAILER       ,ACTIVE (ISSUED),395,  ,2294 STATE ROUTE 109          ,                         ,HOQUIAM                 ,WA,GRAYS HARBOR,985500000,20151010,2539059448,colette@theweedshack502.com
415115,6.03359E+15,THEOREM                                      ,MARIJUANA RETAILER       ,ACTIVE (ISSUED),395,  ,6323 NE BOTHEL WAY            ,                         ,KENMORE                 ,WA,KING,980280000,20151012,2066418344,KEN@kencjones.com
415183,6.0355E+15,"TJ'S CANNABIS BUDS, OILS, AND MORE           ",MARIJUANA RETAILER       ,ACTIVE (ISSUED),395,  ,1428 OLYMPIC HWY S   STE A    ,STE A                    ,SHELTON                 ,WA,MASON,985840000,20170612,3604272990,TOM@TJSCANNABIS.COM
417486,6.03447E+15,TOKER FRIENDLY                               ,MARIJUANA RETAILER       ,ACTIVE (ISSUED),395,  ,1515 S LYONS RD  STE B        ,STE B                    ,AIRWAY HEIGHTS          ,WA,SPOKANE,990010000,20160725,5092448728,PAMELPKP@YAHOO.COM
422454,6.03519E+15,TONASKET HOUSE OF CANNABIS                   ,MARIJUANA RETAILER       ,ACTIVE (ISSUED),395,  ,305 W 4TH ST STE A            ,                         ,TONASKET                ,WA,OKANOGAN,988550000,20171130,3607853843,mrflamefighter@gmail.com
414256,6.03351E+15,TOP SHELF CANNABIS                           ,MARIJUANA RETAILER       ,ACTIVE (ISSUED),395,  ,3863 HANNEGAN RD              ,                         ,BELLINGHAM              ,WA,WHATCOM,982269103,20151012,3602243735,TOMBECKLEY@MYWA.COM
413369,6.0342E+15,TREEHOUSE CLUB                               ,MARIJUANA RETAILER       ,ACTIVE (ISSUED),395,  ,14421 E TRENT AVE             ,                         ,SPOKANE VALLEY          ,WA,SPOKANE,992161392,20151010,5094132169,PATWASH@COMCAST.NET
414871,6.03357E+15,TROVE MEDICAL AND RECREATIONAL               ,MARIJUANA RETAILER       ,ACTIVE (ISSUED),395,  ,218 N SAMISH WAY STE 103      ,                         ,BELLINGHAM              ,WA,WHATCOM,982250000,20151124,3603933459,YIN@TROVECANNABIS.COM.COM
414345,6.03535E+15,UNCLE ANDO'S WURLD OF WEED                   ,MARIJUANA RETAILER       ,PENDING (ISSUED),395,  ,401 SOUTH BOONE               ,                         ,ABERDEEN                ,WA,GRAYS HARBOR,985208508,20160411,4255036116,matt@hsmwashington.com
414533,6.0341E+15,UNCLE IKE'S                                  ,MARIJUANA RETAILER       ,PENDING (ISSUED),395,  ,2310 EAST UNION ST            ,                         ,SEATTLE                 ,WA,KING,981222966,20171128,2065055555,IAN@USNETWORK.COM
421514,6.03562E+15,UNCLE IKES                                   ,MARIJUANA RETAILER       ,PENDING (ISSUED),395,  ,9822 15TH AVE SW STE B        ,SUITE B                  ,SEATTLE                 ,WA,KING,981062850,20171128,2063915510,DANIELABERNHARD@ME.COM
415010,6.03385E+15,URBAN BUD                                    ,MARIJUANA RETAILER       ,ACTIVE (ISSUED),395,  ,112 S 24TH ST                 ,                         ,TACOMA                  ,WA,PIERCE,984022904,20151010,2533271572,EVANMARQUES@GMAIL.COM
415534,6.03359E+15,VELA                                         ,MARIJUANA RETAILER       ,PENDING (ISSUED),395,  ,1944 1ST AVE S #100           ,                         ,SEATTLE                 ,WA,KING,981341406,20151009,2069728500,KEN@KENCJONES.COM
415445,6.0336E+15,W.C.W. ENTERPRISES                           ,MARIJUANA RETAILER       ,PENDING (ISSUED),395,  ,3708 MT BAKER HWY             ,                         ,EVERSON                 ,WA,WHATCOM,982470000,20151009,4253127077,RACHELLE@WCWENTERPRISES.COM
415641,6.03359E+15,WALLA WALLA CANNABIS COMPANY                 ,MARIJUANA RETAILER       ,ACTIVE (ISSUED),395,  ,927 W MAIN ST                 ,                         ,WALLA WALLA             ,WA,WALLA WALLA,993622746,20151014,5098764946,TANGLETOWNHOLDINGS@GMAIL.COM
425273,6.03337E+15,WALLA WALLA WEEDERY                          ,MARIJUANA RETAILER       ,ACTIVE (ISSUED),395,  ,728 IRENE ST                  ,                         ,WALLA WALLA             ,WA,WALLA WALLA,993621604,20171004,5098764279,WALLAWALLAWEEDERY@GMAIL.COM
420382,6.03148E+15,WASHINGTON O G                               ,MARIJUANA RETAILER       ,PENDING (ISSUED),395,  ,5300 17TH AVE NW   STE B      ,                         ,SEATTLE                 ,WA,KING,981073815,20160204,2063952036,DOUGLAS.DONNIE@GMAIL.COM
414959,6.03359E+15,WESTERN BUD                                  ,MARIJUANA RETAILER       ,ACTIVE (ISSUED),395,  ,11401 RAINIER AVE S           ,                         ,SEATTLE                 ,WA,KING,981783947,20160315,2066124887,ee@wadot.com
412466,6.03074E+15,WESTSIDE420 RECREATIONAL                     ,MARIJUANA RETAILER       ,ACTIVE (ISSUED),395,  ,4503 OCEAN BEACH HWY STE 103  ,                         ,LONGVIEW                ,WA,COWLITZ,986325055,20151009,3604235261,BOOKY66SS@YAHOO.COM
414398,6.03354E+15,WHITE RABBIT RETAIL                          ,MARIJUANA RETAILER       ,ACTIVE (ISSUED),395,  ,15928 HWY 99                  ,                         ,LYNNWOOD                ,WA,SNOHOMISH,980870000,20151011,4257454242,WHITERABBITRETAILERS@GMAIL.COM
414449,6.03402E+15,WORLD OF WEED                                ,MARIJUANA RETAILER       ,ACTIVE (ISSUED),395,  ,3202 E PORTLAND AVE           ,                         ,TACOMA                  ,WA,PIERCE,984044929,20151012,2532729333,ALDEN@WORLDOFWEED.COM